id;account_locked;created_date;email;enabled;firstname;last_modified_date;lastname;password
1;false;;sam@email.com;true;Sami;;Hosni;$2a$10$BY9Ty4yax2Hm2iJTwUeXLuQGVRyuXirKPyBnXyM0huo/mp3ZRVVQ2
2;false;;mayssa@gmail.com;true;Mayssa;;Herguem;$2a$10$Xu5/xPTZ5YOMp9qzxBwLsOq0P3aOpxWuJEJCY/hjyzl00ZwaqcHWK
3;false;;marwa@gmail.com;true;Marwa;;Foughali;$2a$10$5lhbxsjpWx5nUMQwyu.4heBWp98QDbYOtALhy39d8PI2eHFErCgBy
4;false;;azer@gmail.com;true;azer;;ruissi;$2a$10$5lhbxsjpWx5nUMQwyu.4heBWp98QDbYOtALhy39d8PI2eHFErCgBy
5;false;;ahmed@gmail.com;true;ahmed;;Ahmed;$2a$10$5lhbxsjpWx5nUMQwyu.4heBWp98QDbYOtALhy39d8PI2eHFErCgBy
6;false;;aisha@gmail.com;true;aisha;;Aisha;$2a$10$5lhbxsjpWx5nUMQwyu.4heBWp98QDbYOtALhy39d8PI2eHFErCgBy
7;false;;carlos@gmail.com;true;carlos;;Carlos;$2a$10$5lhbxsjpWx5nUMQwyu.4heBWp98QDbYOtALhy39d8PI2eHFErCgBy
8;false;;chen@gmail.com;true;chen;;Chen;$2a$10$5lhbxsjpWx5nUMQwyu.4heBWp98QDbYOtALhy39d8PI2eHFErCgBy
9;false;;deepa@gmail.com;true;deepa;;Deepa;$2a$10$5lhbxsjpWx5nUMQwyu.4heBWp98QDbYOtALhy39d8PI2eHFErCgBy
10;false;;diego@gmail.com;true;diego;;Diego;$2a$10$5lhbxsjpWx5nUMQwyu.4heBWp98QDbYOtALhy39d8PI2eHFErCgBy
11;false;;fatima@gmail.com;true;fatima;;Fatima;$2a$10$5lhbxsjpWx5nUMQwyu.4heBWp98QDbYOtALhy39d8PI2eHFErCgBy
12;false;;hiroshi@gmail.com;true;hiroshi;;Hiroshi;$2a$10$5lhbxsjpWx5nUMQwyu.4heBWp98QDbYOtALhy39d8PI2eHFErCgBy
13;false;;ivan@gmail.com;true;ivan;;Ivan;$2a$10$5lhbxsjpWx5nUMQwyu.4heBWp98QDbYOtALhy39d8PI2eHFErCgBy
14;false;;leila@gmail.com;true;leila;;Leila;$2a$10$5lhbxsjpWx5nUMQwyu.4heBWp98QDbYOtALhy39d8PI2eHFErCgBy
15;false;;maria@gmail.com;true;maria;;Maria;$2a$10$5lhbxsjpWx5nUMQwyu.4heBWp98QDbYOtALhy39d8PI2eHFErCgBy
16;false;;miguel@gmail.com;true;miguel;;Miguel;$2a$10$5lhbxsjpWx5nUMQwyu.4heBWp98QDbYOtALhy39d8PI2eHFErCgBy
17;false;;nia@gmail.com;true;nia;;Nia;$2a$10$5lhbxsjpWx5nUMQwyu.4heBWp98QDbYOtALhy39d8PI2eHFErCgBy
18;false;;omar@gmail.com;true;omar;;Omar;$2a$10$5lhbxsjpWx5nUMQwyu.4heBWp98QDbYOtALhy39d8PI2eHFErCgBy
19;false;;priya@gmail.com;true;priya;;Priya;$2a$10$5lhbxsjpWx5nUMQwyu.4heBWp98QDbYOtALhy39d8PI2eHFErCgBy
20;false;;raj@gmail.com;true;raj;;Raj;$2a$10$5lhbxsjpWx5nUMQwyu.4heBWp98QDbYOtALhy39d8PI2eHFErCgBy
21;false;;sara@gmail.com;true;sara;;Sara;$2a$10$5lhbxsjpWx5nUMQwyu.4heBWp98QDbYOtALhy39d8PI2eHFErCgBy
22;false;;wei@gmail.com;true;wei;;Wei;$2a$10$5lhbxsjpWx5nUMQwyu.4heBWp98QDbYOtALhy39d8PI2eHFErCgBy
23;false;;yasmin@gmail.com;true;yasmin;;Yasmin;$2a$10$5lhbxsjpWx5nUMQwyu.4heBWp98QDbYOtALhy39d8PI2eHFErCgBy
24;false;;zane@gmail.com;true;zane;;Zane;$2a$10$5lhbxsjpWx5nUMQwyu.4heBWp98QDbYOtALhy39d8PI2eHFErCgBy
25;false;;alice@gmail.com;true;alice;;Alice;$2a$10$5lhbxsjpWx5nUMQwyu.4heBWp98QDbYOtALhy39d8PI2eHFErCgBy
26;false;;bob@gmail.com;true;bob;;Bob;$2a$10$5lhbxsjpWx5nUMQwyu.4heBWp98QDbYOtALhy39d8PI2eHFErCgBy
27;false;;charlie@gmail.com;true;charlie;;Charlie;$2a$10$5lhbxsjpWx5nUMQwyu.4heBWp98QDbYOtALhy39d8PI2eHFErCgBy
28;false;;david@gmail.com;true;david;;David;$2a$10$5lhbxsjpWx5nUMQwyu.4heBWp98QDbYOtALhy39d8PI2eHFErCgBy
29;false;;emma@gmail.com;true;emma;;Emma;$2a$10$5lhbxsjpWx5nUMQwyu.4heBWp98QDbYOtALhy39d8PI2eHFErCgBy
30;false;;fiona@gmail.com;true;fiona;;Fiona;$2a$10$5lhbxsjpWx5nUMQwyu.4heBWp98QDbYOtALhy39d8PI2eHFErCgBy
31;false;;george@gmail.com;true;george;;George;$2a$10$5lhbxsjpWx5nUMQwyu.4heBWp98QDbYOtALhy39d8PI2eHFErCgBy
32;false;;hannah@gmail.com;true;hannah;;Hannah;$2a$10$5lhbxsjpWx5nUMQwyu.4heBWp98QDbYOtALhy39d8PI2eHFErCgBy
33;false;;ian@gmail.com;true;ian;;Ian;$2a$10$5lhbxsjpWx5nUMQwyu.4heBWp98QDbYOtALhy39d8PI2eHFErCgBy
34;false;;julia@gmail.com;true;julia;;Julia;$2a$10$5lhbxsjpWx5nUMQwyu.4heBWp98QDbYOtALhy39d8PI2eHFErCgBy
35;false;;kevin@gmail.com;true;kevin;;Kevin;$2a$10$5lhbxsjpWx5nUMQwyu.4heBWp98QDbYOtALhy39d8PI2eHFErCgBy
36;false;;laura@gmail.com;true;laura;;Laura;$2a$10$5lhbxsjpWx5nUMQwyu.4heBWp98QDbYOtALhy39d8PI2eHFErCgBy
37;false;;mark@gmail.com;true;mark;;Mark;$2a$10$5lhbxsjpWx5nUMQwyu.4heBWp98QDbYOtALhy39d8PI2eHFErCgBy
38;false;;natalie@gmail.com;true;natalie;;Natalie;$2a$10$5lhbxsjpWx5nUMQwyu.4heBWp98QDbYOtALhy39d8PI2eHFErCgBy
39;false;;oliver@gmail.com;true;oliver;;Oliver;$2a$10$5lhbxsjpWx5nUMQwyu.4heBWp98QDbYOtALhy39d8PI2eHFErCgBy
40;false;;patrick@gmail.com;true;patrick;;Patrick;$2a$10$5lhbxsjpWx5nUMQwyu.4heBWp98QDbYOtALhy39d8PI2eHFErCgBy
41;false;;rachel@gmail.com;true;rachel;;Rachel;$2a$10$5lhbxsjpWx5nUMQwyu.4heBWp98QDbYOtALhy39d8PI2eHFErCgBy
42;false;;samuel@gmail.com;true;samuel;;Samuel;$2a$10$5lhbxsjpWx5nUMQwyu.4heBWp98QDbYOtALhy39d8PI2eHFErCgBy
43;false;;tina@gmail.com;true;tina;;Tina;$2a$10$5lhbxsjpWx5nUMQwyu.4heBWp98QDbYOtALhy39d8PI2eHFErCgBy
44;false;;victor@gmail.com;true;victor;;Victor;$2a$10$5lhbxsjpWx5nUMQwyu.4heBWp98QDbYOtALhy39d8PI2eHFErCgBy
45;false;;antoine@gmail.com;true;antoine;;Antoine;$2a$10$5lhbxsjpWx5nUMQwyu.4heBWp98QDbYOtALhy39d8PI2eHFErCgBy
46;false;;camille@gmail.com;true;camille;;Camille;$2a$10$5lhbxsjpWx5nUMQwyu.4heBWp98QDbYOtALhy39d8PI2eHFErCgBy
47;false;;chloe@gmail.com;true;chloe;;Chloe;$2a$10$5lhbxsjpWx5nUMQwyu.4heBWp98QDbYOtALhy39d8PI2eHFErCgBy
48;false;;claire@gmail.com;true;claire;;Claire;$2a$10$5lhbxsjpWx5nUMQwyu.4heBWp98QDbYOtALhy39d8PI2eHFErCgBy
49;false;;rahma@gmail.com;true;rahma;;Rahma;$2a$10$5lhbxsjpWx5nUMQwyu.4heBWp98QDbYOtALhy39d8PI2eHFErCgBy
50;false;;amal@gmail.com;true;amal;;Amal;$2a$10$5lhbxsjpWx5nUMQwyu.4heBWp98QDbYOtALhy39d8PI2eHFErCgBy
51;false;;sana@gmail.com;true;sana;;Sana;$2a$10$5lhbxsjpWx5nUMQwyu.4heBWp98QDbYOtALhy39d8PI2eHFErCgBy
52;false;;guillaume@gmail.com;true;guillaume;;Guillaume;$2a$10$5lhbxsjpWx5nUMQwyu.4heBWp98QDbYOtALhy39d8PI2eHFErCgBy
53;false;;isabelle@gmail.com;true;isabelle;;Isabelle;$2a$10$5lhbxsjpWx5nUMQwyu.4heBWp98QDbYOtALhy39d8PI2eHFErCgBy
54;false;;jean@gmail.com;true;jean;;Jean;$2a$10$5lhbxsjpWx5nUMQwyu.4heBWp98QDbYOtALhy39d8PI2eHFErCgBy
55;false;;ahlem@gmail.com;true;ahlem;;Ahlem;$2a$10$5lhbxsjpWx5nUMQwyu.4heBWp98QDbYOtALhy39d8PI2eHFErCgBy
56;false;;louis@gmail.com;true;louis;;Louis;$2a$10$5lhbxsjpWx5nUMQwyu.4heBWp98QDbYOtALhy39d8PI2eHFErCgBy
57;false;;manon@gmail.com;true;manon;;Manon;$2a$10$5lhbxsjpWx5nUMQwyu.4heBWp98QDbYOtALhy39d8PI2eHFErCgBy
58;false;;marie@gmail.com;true;marie;;Marie;$2a$10$5lhbxsjpWx5nUMQwyu.4heBWp98QDbYOtALhy39d8PI2eHFErCgBy
59;false;;mathieu@gmail.com;true;mathieu;;Mathieu;$2a$10$5lhbxsjpWx5nUMQwyu.4heBWp98QDbYOtALhy39d8PI2eHFErCgBy
60;false;;nicolas@gmail.com;true;nicolas;;Nicolas;$2a$10$5lhbxsjpWx5nUMQwyu.4heBWp98QDbYOtALhy39d8PI2eHFErCgBy
61;false;;pauline@gmail.com;true;pauline;;Pauline;$2a$10$5lhbxsjpWx5nUMQwyu.4heBWp98QDbYOtALhy39d8PI2eHFErCgBy
62;false;;pierre@gmail.com;true;pierre;;Pierre;$2a$10$5lhbxsjpWx5nUMQwyu.4heBWp98QDbYOtALhy39d8PI2eHFErCgBy
63;false;;sophie@gmail.com;true;sophie;;Sophie;$2a$10$5lhbxsjpWx5nUMQwyu.4heBWp98QDbYOtALhy39d8PI2eHFErCgBy
64;false;;thomas@gmail.com;true;thomas;;Thomas;$2a$10$5lhbxsjpWx5nUMQwyu.4heBWp98QDbYOtALhy39d8PI2eHFErCgBy
65;false;;mohamed@gmail.com;true;mohamed;;Mohamed;$2a$10$5lhbxsjpWx5nUMQwyu.4heBWp98QDbYOtALhy39d8PI2eHFErCgBy
66;false;;sinda@gmail.com;true;sinda;;Sinda;$2a$10$5lhbxsjpWx5nUMQwyu.4heBWp98QDbYOtALhy39d8PI2eHFErCgBy
67;false;;youssef@gmail.com;true;youssef;;Youssef;$2a$10$5lhbxsjpWx5nUMQwyu.4heBWp98QDbYOtALhy39d8PI2eHFErCgBy
68;false;;ibrahim@gmail.com;true;ibrahim;;Ibrahim;$2a$10$5lhbxsjpWx5nUMQwyu.4heBWp98QDbYOtALhy39d8PI2eHFErCgBy
69;false;;amine@gmail.com;true;amine;;Amine;$2a$10$5lhbxsjpWx5nUMQwyu.4heBWp98QDbYOtALhy39d8PI2eHFErCgBy
70;false;;khaled@gmail.com;true;khaled;;Khaled;$2a$10$5lhbxsjpWx5nUMQwyu.4heBWp98QDbYOtALhy39d8PI2eHFErCgBy
71;false;;rachid@gmail.com;true;rachid;;Rachid;$2a$10$5lhbxsjpWx5nUMQwyu.4heBWp98QDbYOtALhy39d8PI2eHFErCgBy
72;false;;hassan@gmail.com;true;hassan;;Hassan;$2a$10$5lhbxsjpWx5nUMQwyu.4heBWp98QDbYOtALhy39d8PI2eHFErCgBy
73;false;;karim@gmail.com;true;karim;;Karim;$2a$10$5lhbxsjpWx5nUMQwyu.4heBWp98QDbYOtALhy39d8PI2eHFErCgBy
74;false;;nasser@gmail.com;true;nasser;;Nasser;$2a$10$5lhbxsjpWx5nUMQwyu.4heBWp98QDbYOtALhy39d8PI2eHFErCgBy
75;false;;samir@gmail.com;true;samir;;Samir;$2a$10$5lhbxsjpWx5nUMQwyu.4heBWp98QDbYOtALhy39d8PI2eHFErCgBy
76;false;;ali@gmail.com;true;ali;;Ali;$2a$10$5lhbxsjpWx5nUMQwyu.4heBWp98QDbYOtALhy39d8PI2eHFErCgBy
77;false;;salem@gmail.com;true;salem;;Salem;$2a$10$5lhbxsjpWx5nUMQwyu.4heBWp98QDbYOtALhy39d8PI2eHFErCgBy
78;false;;tarek@gmail.com;true;tarek;;Tarek;$2a$10$5lhbxsjpWx5nUMQwyu.4heBWp98QDbYOtALhy39d8PI2eHFErCgBy
79;false;;fouad@gmail.com;true;fouad;;Fouad;$2a$10$5lhbxsjpWx5nUMQwyu.4heBWp98QDbYOtALhy39d8PI2eHFErCgBy
80;false;;hicham@gmail.com;true;hicham;;Hicham;$2a$10$5lhbxsjpWx5nUMQwyu.4heBWp98QDbYOtALhy39d8PI2eHFErCgBy
81;false;;said@gmail.com;true;said;;Said;$2a$10$5lhbxsjpWx5nUMQwyu.4heBWp98QDbYOtALhy39d8PI2eHFErCgBy
82;false;;zakaria@gmail.com;true;zakaria;;Zakaria;$2a$10$5lhbxsjpWx5nUMQwyu.4heBWp98QDbYOtALhy39d8PI2eHFErCgBy
83;false;;walid@gmail.com;true;walid;;Walid;$2a$10$5lhbxsjpWx5nUMQwyu.4heBWp98QDbYOtALhy39d8PI2eHFErCgBy
84;false;;fatma@gmail.com;true;fatma;;Fatma;$2a$10$5lhbxsjpWx5nUMQwyu.4heBWp98QDbYOtALhy39d8PI2eHFErCgBy
85;false;;amina@gmail.com;true;amina;;Amina;$2a$10$5lhbxsjpWx5nUMQwyu.4heBWp98QDbYOtALhy39d8PI2eHFErCgBy
86;false;;khadija@gmail.com;true;khadija;;Khadija;$2a$10$5lhbxsjpWx5nUMQwyu.4heBWp98QDbYOtALhy39d8PI2eHFErCgBy
87;false;;lilia@gmail.com;true;lilia;;Lilia;$2a$10$5lhbxsjpWx5nUMQwyu.4heBWp98QDbYOtALhy39d8PI2eHFErCgBy
88;false;;zaineb@gmail.com;true;zaineb;;Zaineb;$2a$10$5lhbxsjpWx5nUMQwyu.4heBWp98QDbYOtALhy39d8PI2eHFErCgBy
89;false;;nadia@gmail.com;true;nadia;;Nadia;$2a$10$5lhbxsjpWx5nUMQwyu.4heBWp98QDbYOtALhy39d8PI2eHFErCgBy
90;false;;souad@gmail.com;true;souad;;Souad;$2a$10$5lhbxsjpWx5nUMQwyu.4heBWp98QDbYOtALhy39d8PI2eHFErCgBy
91;false;;yasmina@gmail.com;true;yasmina;;Yasmina;$2a$10$5lhbxsjpWx5nUMQwyu.4heBWp98QDbYOtALhy39d8PI2eHFErCgBy
92;false;;hana@gmail.com;true;hana;;Hana;$2a$10$5lhbxsjpWx5nUMQwyu.4heBWp98QDbYOtALhy39d8PI2eHFErCgBy
93;false;;salma@gmail.com;true;salma;;Salma;$2a$10$5lhbxsjpWx5nUMQwyu.4heBWp98QDbYOtALhy39d8PI2eHFErCgBy
94;false;;malika@gmail.com;true;malika;;Malika;$2a$10$5lhbxsjpWx5nUMQwyu.4heBWp98QDbYOtALhy39d8PI2eHFErCgBy
95;false;;rania@gmail.com;true;rania;;Rania;$2a$10$5lhbxsjpWx5nUMQwyu.4heBWp98QDbYOtALhy39d8PI2eHFErCgBy
96;false;;noura@gmail.com;true;noura;;Noura;$2a$10$5lhbxsjpWx5nUMQwyu.4heBWp98QDbYOtALhy39d8PI2eHFErCgBy
97;false;;samira@gmail.com;true;samira;;Samira;$2a$10$5lhbxsjpWx5nUMQwyu.4heBWp98QDbYOtALhy39d8PI2eHFErCgBy
98;false;;brahim@gmail.com;true;brahim;;Brahim;$2a$10$5lhbxsjpWx5nUMQwyu.4heBWp98QDbYOtALhy39d8PI2eHFErCgBy
99;false;;mariam@gmail.com;true;mariam;;Mariam;$2a$10$5lhbxsjpWx5nUMQwyu.4heBWp98QDbYOtALhy39d8PI2eHFErCgBy
100;false;;asma@gmail.com;true;asma;;Asma;$2a$10$5lhbxsjpWx5nUMQwyu.4heBWp98QDbYOtALhy39d8PI2eHFErCgBy
101;false;;iman@gmail.com;true;iman;;Iman;$2a$10$5lhbxsjpWx5nUMQwyu.4heBWp98QDbYOtALhy39d8PI2eHFErCgBy
102;false;;hiba@gmail.com;true;hiba;;Hiba;$2a$10$5lhbxsjpWx5nUMQwyu.4heBWp98QDbYOtALhy39d8PI2eHFErCgBy
