id;account_locked;created_date;email;enabled;firstname;last_modified_date;lastname;password;phone
1;f;;sam@email.com;t;Sami;;Hosni;$2a$10$BY9Ty4yax2Hm2iJTwUeXLuQGVRyuXirKPyBnXyM0huo/mp3ZRVVQ2;
2;f;;mayssa@gmail.com;t;Mayssa;;Herguem;$2a$10$Xu5/xPTZ5YOMp9qzxBwLsOq0P3aOpxWuJEJCY/hjyzl00ZwaqcHWK;
3;f;;marwa@gmail.com;t;Marwa;;Foughali;$2a$10$5lhbxsjpWx5nUMQwyu.4heBWp98QDbYOtALhy39d8PI2eHFErCgBy;
4;f;;azer@gmail.com;t;azer;;ruissi;$2a$10$5lhbxsjpWx5nUMQwyu.4heBWp98QDbYOtALhy39d8PI2eHFErCgBy;
5;f;;ahmed@gmail.com;t;ahmed;;Ahmed;$2a$10$5lhbxsjpWx5nUMQwyu.4heBWp98QDbYOtALhy39d8PI2eHFErCgBy;
6;f;;aisha@gmail.com;t;aisha;;Aisha;$2a$10$5lhbxsjpWx5nUMQwyu.4heBWp98QDbYOtALhy39d8PI2eHFErCgBy;
7;f;;carlos@gmail.com;t;carlos;;Carlos;$2a$10$5lhbxsjpWx5nUMQwyu.4heBWp98QDbYOtALhy39d8PI2eHFErCgBy;
8;f;;chen@gmail.com;t;chen;;Chen;$2a$10$5lhbxsjpWx5nUMQwyu.4heBWp98QDbYOtALhy39d8PI2eHFErCgBy;
9;f;;deepa@gmail.com;t;deepa;;Deepa;$2a$10$5lhbxsjpWx5nUMQwyu.4heBWp98QDbYOtALhy39d8PI2eHFErCgBy;
10;f;;diego@gmail.com;t;diego;;Diego;$2a$10$5lhbxsjpWx5nUMQwyu.4heBWp98QDbYOtALhy39d8PI2eHFErCgBy;
11;f;;fatima@gmail.com;t;fatima;;Fatima;$2a$10$5lhbxsjpWx5nUMQwyu.4heBWp98QDbYOtALhy39d8PI2eHFErCgBy;
12;f;;hiroshi@gmail.com;t;hiroshi;;Hiroshi;$2a$10$5lhbxsjpWx5nUMQwyu.4heBWp98QDbYOtALhy39d8PI2eHFErCgBy;
13;f;;ivan@gmail.com;t;ivan;;Ivan;$2a$10$5lhbxsjpWx5nUMQwyu.4heBWp98QDbYOtALhy39d8PI2eHFErCgBy;
14;f;;leila@gmail.com;t;leila;;Leila;$2a$10$5lhbxsjpWx5nUMQwyu.4heBWp98QDbYOtALhy39d8PI2eHFErCgBy;
15;f;;maria@gmail.com;t;maria;;Maria;$2a$10$5lhbxsjpWx5nUMQwyu.4heBWp98QDbYOtALhy39d8PI2eHFErCgBy;
16;f;;miguel@gmail.com;t;miguel;;Miguel;$2a$10$5lhbxsjpWx5nUMQwyu.4heBWp98QDbYOtALhy39d8PI2eHFErCgBy;
17;f;;nia@gmail.com;t;nia;;Nia;$2a$10$5lhbxsjpWx5nUMQwyu.4heBWp98QDbYOtALhy39d8PI2eHFErCgBy;
18;f;;omar@gmail.com;t;omar;;Omar;$2a$10$5lhbxsjpWx5nUMQwyu.4heBWp98QDbYOtALhy39d8PI2eHFErCgBy;
19;f;;priya@gmail.com;t;priya;;Priya;$2a$10$5lhbxsjpWx5nUMQwyu.4heBWp98QDbYOtALhy39d8PI2eHFErCgBy;
20;f;;raj@gmail.com;t;raj;;Raj;$2a$10$5lhbxsjpWx5nUMQwyu.4heBWp98QDbYOtALhy39d8PI2eHFErCgBy;
21;f;;sara@gmail.com;t;sara;;Sara;$2a$10$5lhbxsjpWx5nUMQwyu.4heBWp98QDbYOtALhy39d8PI2eHFErCgBy;
22;f;;wei@gmail.com;t;wei;;Wei;$2a$10$5lhbxsjpWx5nUMQwyu.4heBWp98QDbYOtALhy39d8PI2eHFErCgBy;
23;f;;yasmin@gmail.com;t;yasmin;;Yasmin;$2a$10$5lhbxsjpWx5nUMQwyu.4heBWp98QDbYOtALhy39d8PI2eHFErCgBy;
24;f;;zane@gmail.com;t;zane;;Zane;$2a$10$5lhbxsjpWx5nUMQwyu.4heBWp98QDbYOtALhy39d8PI2eHFErCgBy;
25;f;;alice@gmail.com;t;alice;;Alice;$2a$10$5lhbxsjpWx5nUMQwyu.4heBWp98QDbYOtALhy39d8PI2eHFErCgBy;
26;f;;bob@gmail.com;t;bob;;Bob;$2a$10$5lhbxsjpWx5nUMQwyu.4heBWp98QDbYOtALhy39d8PI2eHFErCgBy;
27;f;;charlie@gmail.com;t;charlie;;Charlie;$2a$10$5lhbxsjpWx5nUMQwyu.4heBWp98QDbYOtALhy39d8PI2eHFErCgBy;
28;f;;david@gmail.com;t;david;;David;$2a$10$5lhbxsjpWx5nUMQwyu.4heBWp98QDbYOtALhy39d8PI2eHFErCgBy;
29;f;;emma@gmail.com;t;emma;;Emma;$2a$10$5lhbxsjpWx5nUMQwyu.4heBWp98QDbYOtALhy39d8PI2eHFErCgBy;
30;f;;fiona@gmail.com;t;fiona;;Fiona;$2a$10$5lhbxsjpWx5nUMQwyu.4heBWp98QDbYOtALhy39d8PI2eHFErCgBy;
31;f;;george@gmail.com;t;george;;George;$2a$10$5lhbxsjpWx5nUMQwyu.4heBWp98QDbYOtALhy39d8PI2eHFErCgBy;
32;f;;hannah@gmail.com;t;hannah;;Hannah;$2a$10$5lhbxsjpWx5nUMQwyu.4heBWp98QDbYOtALhy39d8PI2eHFErCgBy;
33;f;;ian@gmail.com;t;ian;;Ian;$2a$10$5lhbxsjpWx5nUMQwyu.4heBWp98QDbYOtALhy39d8PI2eHFErCgBy;
34;f;;julia@gmail.com;t;julia;;Julia;$2a$10$5lhbxsjpWx5nUMQwyu.4heBWp98QDbYOtALhy39d8PI2eHFErCgBy;
35;f;;kevin@gmail.com;t;kevin;;Kevin;$2a$10$5lhbxsjpWx5nUMQwyu.4heBWp98QDbYOtALhy39d8PI2eHFErCgBy;
36;f;;laura@gmail.com;t;laura;;Laura;$2a$10$5lhbxsjpWx5nUMQwyu.4heBWp98QDbYOtALhy39d8PI2eHFErCgBy;
37;f;;mark@gmail.com;t;mark;;Mark;$2a$10$5lhbxsjpWx5nUMQwyu.4heBWp98QDbYOtALhy39d8PI2eHFErCgBy;
38;f;;natalie@gmail.com;t;natalie;;Natalie;$2a$10$5lhbxsjpWx5nUMQwyu.4heBWp98QDbYOtALhy39d8PI2eHFErCgBy;
39;f;;oliver@gmail.com;t;oliver;;Oliver;$2a$10$5lhbxsjpWx5nUMQwyu.4heBWp98QDbYOtALhy39d8PI2eHFErCgBy;
40;f;;patrick@gmail.com;t;patrick;;Patrick;$2a$10$5lhbxsjpWx5nUMQwyu.4heBWp98QDbYOtALhy39d8PI2eHFErCgBy;
41;f;;rachel@gmail.com;t;rachel;;Rachel;$2a$10$5lhbxsjpWx5nUMQwyu.4heBWp98QDbYOtALhy39d8PI2eHFErCgBy;
42;f;;samuel@gmail.com;t;samuel;;Samuel;$2a$10$5lhbxsjpWx5nUMQwyu.4heBWp98QDbYOtALhy39d8PI2eHFErCgBy;
43;f;;tina@gmail.com;t;tina;;Tina;$2a$10$5lhbxsjpWx5nUMQwyu.4heBWp98QDbYOtALhy39d8PI2eHFErCgBy;
44;f;;victor@gmail.com;t;victor;;Victor;$2a$10$5lhbxsjpWx5nUMQwyu.4heBWp98QDbYOtALhy39d8PI2eHFErCgBy;
45;f;;antoine@gmail.com;t;antoine;;Antoine;$2a$10$5lhbxsjpWx5nUMQwyu.4heBWp98QDbYOtALhy39d8PI2eHFErCgBy;
46;f;;camille@gmail.com;t;camille;;Camille;$2a$10$5lhbxsjpWx5nUMQwyu.4heBWp98QDbYOtALhy39d8PI2eHFErCgBy;
47;f;;chloe@gmail.com;t;chloe;;Chloe;$2a$10$5lhbxsjpWx5nUMQwyu.4heBWp98QDbYOtALhy39d8PI2eHFErCgBy;
48;f;;claire@gmail.com;t;claire;;Claire;$2a$10$5lhbxsjpWx5nUMQwyu.4heBWp98QDbYOtALhy39d8PI2eHFErCgBy;
49;f;;rahma@gmail.com;t;rahma;;Rahma;$2a$10$5lhbxsjpWx5nUMQwyu.4heBWp98QDbYOtALhy39d8PI2eHFErCgBy;
50;f;;amal@gmail.com;t;amal;;Amal;$2a$10$5lhbxsjpWx5nUMQwyu.4heBWp98QDbYOtALhy39d8PI2eHFErCgBy;
51;f;;sana@gmail.com;t;sana;;Sana;$2a$10$5lhbxsjpWx5nUMQwyu.4heBWp98QDbYOtALhy39d8PI2eHFErCgBy;
52;f;;guillaume@gmail.com;t;guillaume;;Guillaume;$2a$10$5lhbxsjpWx5nUMQwyu.4heBWp98QDbYOtALhy39d8PI2eHFErCgBy;
53;f;;isabelle@gmail.com;t;isabelle;;Isabelle;$2a$10$5lhbxsjpWx5nUMQwyu.4heBWp98QDbYOtALhy39d8PI2eHFErCgBy;
54;f;;jean@gmail.com;t;jean;;Jean;$2a$10$5lhbxsjpWx5nUMQwyu.4heBWp98QDbYOtALhy39d8PI2eHFErCgBy;
55;f;;ahlem@gmail.com;t;ahlem;;Ahlem;$2a$10$5lhbxsjpWx5nUMQwyu.4heBWp98QDbYOtALhy39d8PI2eHFErCgBy;
56;f;;louis@gmail.com;t;louis;;Louis;$2a$10$5lhbxsjpWx5nUMQwyu.4heBWp98QDbYOtALhy39d8PI2eHFErCgBy;
57;f;;manon@gmail.com;t;manon;;Manon;$2a$10$5lhbxsjpWx5nUMQwyu.4heBWp98QDbYOtALhy39d8PI2eHFErCgBy;
58;f;;marie@gmail.com;t;marie;;Marie;$2a$10$5lhbxsjpWx5nUMQwyu.4heBWp98QDbYOtALhy39d8PI2eHFErCgBy;
59;f;;mathieu@gmail.com;t;mathieu;;Mathieu;$2a$10$5lhbxsjpWx5nUMQwyu.4heBWp98QDbYOtALhy39d8PI2eHFErCgBy;
60;f;;nicolas@gmail.com;t;nicolas;;Nicolas;$2a$10$5lhbxsjpWx5nUMQwyu.4heBWp98QDbYOtALhy39d8PI2eHFErCgBy;
61;f;;pauline@gmail.com;t;pauline;;Pauline;$2a$10$5lhbxsjpWx5nUMQwyu.4heBWp98QDbYOtALhy39d8PI2eHFErCgBy;
62;f;;pierre@gmail.com;t;pierre;;Pierre;$2a$10$5lhbxsjpWx5nUMQwyu.4heBWp98QDbYOtALhy39d8PI2eHFErCgBy;
63;f;;sophie@gmail.com;t;sophie;;Sophie;$2a$10$5lhbxsjpWx5nUMQwyu.4heBWp98QDbYOtALhy39d8PI2eHFErCgBy;
64;f;;thomas@gmail.com;t;thomas;;Thomas;$2a$10$5lhbxsjpWx5nUMQwyu.4heBWp98QDbYOtALhy39d8PI2eHFErCgBy;
65;f;;mohamed@gmail.com;t;mohamed;;Mohamed;$2a$10$5lhbxsjpWx5nUMQwyu.4heBWp98QDbYOtALhy39d8PI2eHFErCgBy;
66;f;;sinda@gmail.com;t;sinda;;Sinda;$2a$10$5lhbxsjpWx5nUMQwyu.4heBWp98QDbYOtALhy39d8PI2eHFErCgBy;
67;f;;youssef@gmail.com;t;youssef;;Youssef;$2a$10$5lhbxsjpWx5nUMQwyu.4heBWp98QDbYOtALhy39d8PI2eHFErCgBy;
68;f;;ibrahim@gmail.com;t;ibrahim;;Ibrahim;$2a$10$5lhbxsjpWx5nUMQwyu.4heBWp98QDbYOtALhy39d8PI2eHFErCgBy;
69;f;;amine@gmail.com;t;amine;;Amine;$2a$10$5lhbxsjpWx5nUMQwyu.4heBWp98QDbYOtALhy39d8PI2eHFErCgBy;
70;f;;khaled@gmail.com;t;khaled;;Khaled;$2a$10$5lhbxsjpWx5nUMQwyu.4heBWp98QDbYOtALhy39d8PI2eHFErCgBy;
71;f;;rachid@gmail.com;t;rachid;;Rachid;$2a$10$5lhbxsjpWx5nUMQwyu.4heBWp98QDbYOtALhy39d8PI2eHFErCgBy;
72;f;;hassan@gmail.com;t;hassan;;Hassan;$2a$10$5lhbxsjpWx5nUMQwyu.4heBWp98QDbYOtALhy39d8PI2eHFErCgBy;
73;f;;karim@gmail.com;t;karim;;Karim;$2a$10$5lhbxsjpWx5nUMQwyu.4heBWp98QDbYOtALhy39d8PI2eHFErCgBy;
74;f;;nasser@gmail.com;t;nasser;;Nasser;$2a$10$5lhbxsjpWx5nUMQwyu.4heBWp98QDbYOtALhy39d8PI2eHFErCgBy;
75;f;;samir@gmail.com;t;samir;;Samir;$2a$10$5lhbxsjpWx5nUMQwyu.4heBWp98QDbYOtALhy39d8PI2eHFErCgBy;
76;f;;ali@gmail.com;t;ali;;Ali;$2a$10$5lhbxsjpWx5nUMQwyu.4heBWp98QDbYOtALhy39d8PI2eHFErCgBy;
77;f;;salem@gmail.com;t;salem;;Salem;$2a$10$5lhbxsjpWx5nUMQwyu.4heBWp98QDbYOtALhy39d8PI2eHFErCgBy;
78;f;;tarek@gmail.com;t;tarek;;Tarek;$2a$10$5lhbxsjpWx5nUMQwyu.4heBWp98QDbYOtALhy39d8PI2eHFErCgBy;
79;f;;fouad@gmail.com;t;fouad;;Fouad;$2a$10$5lhbxsjpWx5nUMQwyu.4heBWp98QDbYOtALhy39d8PI2eHFErCgBy;
80;f;;hicham@gmail.com;t;hicham;;Hicham;$2a$10$5lhbxsjpWx5nUMQwyu.4heBWp98QDbYOtALhy39d8PI2eHFErCgBy;
81;f;;said@gmail.com;t;said;;Said;$2a$10$5lhbxsjpWx5nUMQwyu.4heBWp98QDbYOtALhy39d8PI2eHFErCgBy;
82;f;;zakaria@gmail.com;t;zakaria;;Zakaria;$2a$10$5lhbxsjpWx5nUMQwyu.4heBWp98QDbYOtALhy39d8PI2eHFErCgBy;
83;f;;walid@gmail.com;t;walid;;Walid;$2a$10$5lhbxsjpWx5nUMQwyu.4heBWp98QDbYOtALhy39d8PI2eHFErCgBy;
84;f;;fatma@gmail.com;t;fatma;;Fatma;$2a$10$5lhbxsjpWx5nUMQwyu.4heBWp98QDbYOtALhy39d8PI2eHFErCgBy;
85;f;;amina@gmail.com;t;amina;;Amina;$2a$10$5lhbxsjpWx5nUMQwyu.4heBWp98QDbYOtALhy39d8PI2eHFErCgBy;
86;f;;khadija@gmail.com;t;khadija;;Khadija;$2a$10$5lhbxsjpWx5nUMQwyu.4heBWp98QDbYOtALhy39d8PI2eHFErCgBy;
87;f;;lilia@gmail.com;t;lilia;;Lilia;$2a$10$5lhbxsjpWx5nUMQwyu.4heBWp98QDbYOtALhy39d8PI2eHFErCgBy;
88;f;;zaineb@gmail.com;t;zaineb;;Zaineb;$2a$10$5lhbxsjpWx5nUMQwyu.4heBWp98QDbYOtALhy39d8PI2eHFErCgBy;
89;f;;nadia@gmail.com;t;nadia;;Nadia;$2a$10$5lhbxsjpWx5nUMQwyu.4heBWp98QDbYOtALhy39d8PI2eHFErCgBy;
90;f;;souad@gmail.com;t;souad;;Souad;$2a$10$5lhbxsjpWx5nUMQwyu.4heBWp98QDbYOtALhy39d8PI2eHFErCgBy;
91;f;;yasmina@gmail.com;t;yasmina;;Yasmina;$2a$10$5lhbxsjpWx5nUMQwyu.4heBWp98QDbYOtALhy39d8PI2eHFErCgBy;
92;f;;hana@gmail.com;t;hana;;Hana;$2a$10$5lhbxsjpWx5nUMQwyu.4heBWp98QDbYOtALhy39d8PI2eHFErCgBy;
93;f;;salma@gmail.com;t;salma;;Salma;$2a$10$5lhbxsjpWx5nUMQwyu.4heBWp98QDbYOtALhy39d8PI2eHFErCgBy;
94;f;;malika@gmail.com;t;malika;;Malika;$2a$10$5lhbxsjpWx5nUMQwyu.4heBWp98QDbYOtALhy39d8PI2eHFErCgBy;
95;f;;rania@gmail.com;t;rania;;Rania;$2a$10$5lhbxsjpWx5nUMQwyu.4heBWp98QDbYOtALhy39d8PI2eHFErCgBy;
96;f;;noura@gmail.com;t;noura;;Noura;$2a$10$5lhbxsjpWx5nUMQwyu.4heBWp98QDbYOtALhy39d8PI2eHFErCgBy;
97;f;;samira@gmail.com;t;samira;;Samira;$2a$10$5lhbxsjpWx5nUMQwyu.4heBWp98QDbYOtALhy39d8PI2eHFErCgBy;
98;f;;brahim@gmail.com;t;brahim;;Brahim;$2a$10$5lhbxsjpWx5nUMQwyu.4heBWp98QDbYOtALhy39d8PI2eHFErCgBy;
99;f;;mariam@gmail.com;t;mariam;;Mariam;$2a$10$5lhbxsjpWx5nUMQwyu.4heBWp98QDbYOtALhy39d8PI2eHFErCgBy;
100;f;;asma@gmail.com;t;asma;;Asma;$2a$10$5lhbxsjpWx5nUMQwyu.4heBWp98QDbYOtALhy39d8PI2eHFErCgBy;
101;f;;iman@gmail.com;t;iman;;Iman;$2a$10$5lhbxsjpWx5nUMQwyu.4heBWp98QDbYOtALhy39d8PI2eHFErCgBy;
102;f;;hiba@gmail.com;t;hiba;;Hiba;$2a$10$5lhbxsjpWx5nUMQwyu.4heBWp98QDbYOtALhy39d8PI2eHFErCgBy;
403;f;2024-11-21 11:41:25.145;j@jj.j;t;j;;j;$2a$10$nj./f8QFVF/03GGbu50hWevCJ9vBixStjMcj1lvkV2aMSmIaNSC5a;55555555
405;f;2024-11-21 11:43:38.816;w@w.w;f;w;;w;$2a$10$DB0E1YFs8Uo4sbnvMrqL9.985Ma5mcxNk8N0AJr4k6z7kZYQvEbve;55555555
502;f;2024-11-21 19:04:49.11;admin@gmail.com;t;admin;;admin;$2a$10$uUW.66VGXTDMw0z7NFUTXuO1bXDz0PCHYMjpXpX2J1c/51lQk3RJy;55555555
503;f;2024-11-21 19:06:37.123;employee@gmail.com;t;employee;;employee;$2a$10$B7Ei5KWE2.FdnzPn6mlKRu/1.7yrCF8iZe4x83f2WtJqZt15q3/KW;55555555
